"comparison","mean_method1","mean_method2","mean_diff","min_diff","max_diff","sd_diff","rmse","correlation","size"
"Direct vs Schur",0.495633072418379,0.495633072418379,7.40148683083438e-18,-4.44089209850063e-16,4.44089209850063e-16,2.09604926809602e-16,2.06214774378729e-16,1,"Small"
"Direct vs Schur",0.468102265134868,0.468102265134868,2.4980018054066e-17,-5.55111512312578e-16,7.7715611723761e-16,2.8604692251399e-16,2.85707218604831e-16,1,"Medium"
"Direct vs Schur",0.467181752075114,0.467181752075114,-8.02136135291676e-17,-1.4432899320127e-15,9.99200722162641e-16,4.14911253418988e-16,4.21574210866906e-16,1,"Large"
"Direct vs Schur",0.46267007154741,0.46267007154741,5.41233724504776e-18,-1.55431223447522e-15,1.77635683940025e-15,5.59995580945714e-16,5.59321335590271e-16,1,"Very Large"
