"size","method","mean_time","sd_time"
"Large","Direct",0.9174,0.0840969678406991
"Medium","Direct",0.1226,0.0228975981273143
"Small","Direct",0.00559999999999992,0.000894427190999805
"Very Large","Direct",6.6858,0.908741822521657
"Large","Schur",0.7186,0.0462687799709482
"Medium","Schur",0.0966000000000005,0.0139391534893621
"Small","Schur",0.00439999999999996,0.000894427190999817
"Very Large","Schur",5.40460000000001,0.745844018545432
