"size","method","mean_time","sd_time"
"Large","Direct",0.0232000000000004,0.00044721359549976
"Medium","Direct",0.00380000000000003,0.000447213595499909
"Small","Direct",0.000199999999999978,0.000447213595499909
"Very Large","Direct",0.159799999999999,0.0038340579025364
"Large","Schur",0.0169999999999999,0.00122474487139164
"Medium","Schur",0.00300000000000011,0
"Small","Schur",0.000599999999999978,0.000547722557505146
"Very Large","Schur",0.1084,0.00328633534503091
